model,data,auc,acc,rec,prec,f1
dt,test,0.49922341603289183,0.7432626745210816,0.14961597542242702,0.1496619545175169,0.1496389614380089
rf,test,0.726852599685261,0.9089011549700821,0.4660522273425499,0.8703384968445209,0.6070428171268507
ab,test,0.7815852326437004,0.9242079873834593,0.5772657450076805,0.8792700046794572,0.6969584569732937
gb,test,0.718957848267324,0.91029268518948,0.4448540706605223,0.9193650793650794,0.5995859213250518
lr,test,0.7349076998270547,0.9071385500255114,0.4881720430107527,0.8254545454545454,0.6135135135135136
sgd,test,0.6211059186109589,0.8852451412403173,0.24270353302611367,0.9887359198998749,0.38973852984706464
gnb,test,0.6370741825378922,0.8722575258592699,0.3001536098310292,0.6724019270474879,0.41503823279524216
xg,test,0.7604072926401555,0.9165545711767707,0.5367127496159754,0.8572129538763493,0.6601171358397884
